Protein Name,Peptide,Molecule Note,Precursor Mz,Precursor Charge,01_Ogly Best Retention Time,01_Ogly Isotope Dot Product,01_Ogly Average Mass Error PPM,01_Ogly Total Area MS1,01_Ogly Normalized Area,02_Ogly Best Retention Time,02_Ogly Isotope Dot Product,02_Ogly Average Mass Error PPM,02_Ogly Total Area MS1,02_Ogly Normalized Area,03_Ogly Best Retention Time,03_Ogly Isotope Dot Product,03_Ogly Average Mass Error PPM,03_Ogly Total Area MS1,03_Ogly Normalized Area,04_Ogly Best Retention Time,04_Ogly Isotope Dot Product,04_Ogly Average Mass Error PPM,04_Ogly Total Area MS1,04_Ogly Normalized Area,05_Ogly Best Retention Time,05_Ogly Isotope Dot Product,05_Ogly Average Mass Error PPM,05_Ogly Total Area MS1,05_Ogly Normalized Area,06_Ogly Best Retention Time,06_Ogly Isotope Dot Product,06_Ogly Average Mass Error PPM,06_Ogly Total Area MS1,06_Ogly Normalized Area,07_Ogly Best Retention Time,07_Ogly Isotope Dot Product,07_Ogly Average Mass Error PPM,07_Ogly Total Area MS1,07_Ogly Normalized Area,08_Ogly Best Retention Time,08_Ogly Isotope Dot Product,08_Ogly Average Mass Error PPM,08_Ogly Total Area MS1,08_Ogly Normalized Area,09_Ogly Best Retention Time,09_Ogly Isotope Dot Product,09_Ogly Average Mass Error PPM,09_Ogly Total Area MS1,09_Ogly Normalized Area,10_Ogly Best Retention Time,10_Ogly Isotope Dot Product,10_Ogly Average Mass Error PPM,10_Ogly Total Area MS1,10_Ogly Normalized Area,11_Ogly Best Retention Time,11_Ogly Isotope Dot Product,11_Ogly Average Mass Error PPM,11_Ogly Total Area MS1,11_Ogly Normalized Area,12_Ogly Best Retention Time,12_Ogly Isotope Dot Product,12_Ogly Average Mass Error PPM,12_Ogly Total Area MS1,12_Ogly Normalized Area,13_Ogly Best Retention Time,13_Ogly Isotope Dot Product,13_Ogly Average Mass Error PPM,13_Ogly Total Area MS1,13_Ogly Normalized Area,14_Ogly Best Retention Time,14_Ogly Isotope Dot Product,14_Ogly Average Mass Error PPM,14_Ogly Total Area MS1,14_Ogly Normalized Area,15_Ogly Best Retention Time,15_Ogly Isotope Dot Product,15_Ogly Average Mass Error PPM,15_Ogly Total Area MS1,15_Ogly Normalized Area,16_Ogly Best Retention Time,16_Ogly Isotope Dot Product,16_Ogly Average Mass Error PPM,16_Ogly Total Area MS1,16_Ogly Normalized Area,17_Ogly Best Retention Time,17_Ogly Isotope Dot Product,17_Ogly Average Mass Error PPM,17_Ogly Total Area MS1,17_Ogly Normalized Area,20_Ogly Best Retention Time,20_Ogly Isotope Dot Product,20_Ogly Average Mass Error PPM,20_Ogly Total Area MS1,20_Ogly Normalized Area,21_Ogly Best Retention Time,21_Ogly Isotope Dot Product,21_Ogly Average Mass Error PPM,21_Ogly Total Area MS1,21_Ogly Normalized Area,22_Ogly Best Retention Time,22_Ogly Isotope Dot Product,22_Ogly Average Mass Error PPM,22_Ogly Total Area MS1,22_Ogly Normalized Area,23_Ogly Best Retention Time,23_Ogly Isotope Dot Product,23_Ogly Average Mass Error PPM,23_Ogly Total Area MS1,23_Ogly Normalized Area,25_Ogly Best Retention Time,25_Ogly Isotope Dot Product,25_Ogly Average Mass Error PPM,25_Ogly Total Area MS1,25_Ogly Normalized Area,26_Ogly Best Retention Time,26_Ogly Isotope Dot Product,26_Ogly Average Mass Error PPM,26_Ogly Total Area MS1,26_Ogly Normalized Area,27_Ogly Best Retention Time,27_Ogly Isotope Dot Product,27_Ogly Average Mass Error PPM,27_Ogly Total Area MS1,27_Ogly Normalized Area
AB,N1,,342.165962,1,24.07,0.9859,-0.2,544553856,5.4455E+8,24.08,0.94,0,33376336,3.3376E+7,24.09,0.9541,0,38600780,3.8601E+7,23.98,0.9965,-0.3,457708960,4.5771E+8,23.98,0.9823,-0.2,445538976,4.4554E+8,24,994,-0.2,376086528,3.7609E+8,24.07,0.9819,-0.1,370698144,3.7070E+8,24.02,0.9889,-0.4,260133008,2.6013E+8,24.07,0.9883,-0.4,691403200,6.9140E+8,24.05,0.9919,-0.5,445691648,4.4569E+8,24.06,0.9827,-0.2,344183232,3.4418E+8,24.02,0.9848,-0.1,415174208,4.1517E+8,24.07,0.9839,-0.2,454865440,4.5487E+8,24.09,0.9935,-0.4,561307904,5.6131E+8,24.12,0.9396,-0.1,46822220,4.6822E+7,24.16,0.9342,0,42737912,4.2738E+7,24.18,991,-0.1,627829888,6.2783E+8,24.14,0.9742,-0.1,446989728,4.4699E+8,24.14,0.9853,0,612322816,6.1232E+8,24.16,0.9407,-0.2,49899460,4.9899E+7,24.12,0.9127,-0.2,52785468,5.2785E+7,24.14,0.9838,-0.1,765266368,7.6527E+8,24.14,0.9855,0,564174208,5.6417E+8,24.05,0.9442,-0.1,58487296,5.8487E+7
AB,N1,,342.165962,1,25.18,0.9376,0.3,134849968,1.3485E+8,25.11,0.7553,-0.1,6531625,6.5316E+6,25.09,0.7674,-0.4,14259429,1.4259E+7,25.06,0.9636,0.4,132548376,1.3255E+8,25.06,0.9221,0.3,98114168,9.8114E+7,25.2,0.9494,0,88316768,8.8317E+7,25.15,975,0.2,137957104,1.3796E+8,25.11,0.9455,0.3,131623800,1.3162E+8,25.2,0.9647,0.3,188461392,1.8846E+8,25.13,0.9684,0.5,142312112,1.4231E+8,25.18,0.9871,0,99317216,9.9317E+7,25.15,0.9706,-0.1,878151616,8.7815E+8,25.22,0.9623,-0.1,93481048,9.3481E+7,25.13,0.9707,0.2,135219552,1.3522E+8,25.15,0.8467,-0.4,25173618,2.5174E+7,25.25,0.8836,-0.4,24494660,2.4495E+7,25.31,0.9833,-0.2,107017568,1.0702E+8,25.22,0.9737,0,67133024,6.7133E+7,25.29,0.9821,-0.1,97024288,9.7024E+7,25.2,0.7916,-0.3,17656174,1.7656E+7,25.22,0.7792,-0.5,16587098,1.6587E+7,25.27,0.9876,0.1,103968712,1.0397E+8,25.25,0.9556,-0.2,74452136,7.4452E+7,25.2,0.8124,-0.3,26693744,2.6694E+7
AB,H1X1,Hex,433.181671,1,22.22,0.9908,0.4,113290208,1.1329E+8,22.23,0.4736,0.8,1241319,1.2413E+6,22.28,0.6537,0.7,5137247,5.1372E+6,22.26,0.9803,0.3,199862832,1.9986E+8,22.06,0.6562,-0.3,10393491,1.0393E+7,22.15,0.9187,0,9850291,9.8503E+6,22.26,0.9272,0.4,138905936,1.3891E+8,22.31,0.9637,0.5,190050688,1.9005E+8,22.33,0.9843,0.6,164107936,1.6411E+8,22.24,0.9682,0.3,482900928,4.8290E+8,22.32,0.9243,0.2,62258296,6.2258E+7,22.32,0.9781,0.4,349897728,3.4990E+8,22.26,0.9795,0.2,102190440,1.0219E+8,22.33,0.9808,0.3,130964432,1.3096E+8,22.19,0.8942,0.9,1957772,1.9578E+6,22.06,0.6478,0.7,7147929,7.1479E+6,22.35,0.8691,0.2,12126130,1.2126E+7,22.4,0.5791,0.6,15212233,1.5212E+7,22.38,0.7293,0.6,14435819,1.4436E+7,22.35,0.5312,1,4665618,4.6656E+6,22.28,0.5713,0.7,8511890,8.5119E+6,22.38,781,0.8,18007532,1.8008E+7,22.31,767,0.5,11327021,1.1327E+7,21.99,0.7138,0.6,2971217,2.9712E+6
AB,H1F1,Fuc,447.197321,1,24.09,0.9854,-0.5,2237931008,2.2379E+9,23.78,0.3625,0.4,715645,7.1565E+5,24.05,0.8844,-0.3,5355831,5.3558E+6,24,0.9847,-0.5,2141969920,2.1420E+9,24,0.9879,-0.2,915919040,9.1592E+8,24.09,0.9838,-0.3,1640630528,1.6406E+9,24.07,0.9865,-0.4,1495570432,1.4956E+9,24.07,0.9862,-0.7,2633274112,2.6333E+9,24.12,0.9851,-0.6,3198294016,3.1983E+9,24.12,0.9859,-0.6,3369876480,3.3699E+9,24.09,0.9863,-0.2,1066078272,1.0661E+9,24.06,985,-0.4,2452034048,2.4520E+9,24.12,0.9847,-0.3,1675181568,1.6752E+9,24.12,0.9842,-0.7,2513104896,2.5131E+9,23.78,0.1168,1,661171,6.6117E+5,24.18,0.7662,-0.1,8455164,8.4552E+6,24.18,0.9219,0.2,51014572,5.1015E+7,24.23,0.8737,0.4,30201290,3.0201E+7,24.23,972,0.1,43144548,4.3145E+7,23.8,0.4405,0.3,1852446,1.8524E+6,24.18,0.9742,-0.1,8361309,8.3613E+6,24.21,0.9878,0.1,45043516,4.5044E+7,24.21,0.9526,0.1,38081100,3.8081E+7,23.78,388,0.2,1193838,1.1938E+6
AB,H1N1,HexNAc,504.218785,1,23.21,0.9859,0.3,1419917952,1.4199E+9,23.54,686,-7.6,35283,3.5283E+4,23.26,0.9798,0.3,45739576,4.5740E+7,23.19,0.9863,0.1,1394913664,1.3949E+9,23.19,0.9865,0.1,1767904256,1.7679E+9,23.21,0.9874,0.2,1034493312,1.0345E+9,23.23,985,0.4,1783332096,1.7833E+9,23.26,0.9902,0.4,1525241984,1.5252E+9,23.3,0.9822,0.3,1979578112,1.9796E+9,23.26,0.9904,0.4,2291213568,2.2912E+9,23.27,0.9893,0,1796636160,1.7966E+9,23.31,827,0.1,5531300,5.5313E+6,23.26,0.9892,0.1,2113328256,2.1133E+9,23.3,0.9885,0.1,1273675008,1.2737E+9,23.35,686,-1.2,1270638,1.2706E+6,23.41,0.9614,0.3,49141624,4.9142E+7,23.37,0.9911,0.1,1421743104,1.4217E+9,23.37,0.9883,0.3,869591168,8.6959E+8,23.37,0.9945,0.4,1102743936,1.1027E+9,23.32,0.8281,-0.4,186880,1.8688E+5,23.3,0.9655,0.3,51965208,5.1965E+7,23.39,0.9859,0.4,829266368,8.2927E+8,23.32,0.9907,0.3,1062616128,1.0626E+9,23.3,802,-1.7,274018,2.7402E+5
AB,H1N1,HexNAc,504.218785,1,23.75,0.9856,0.2,185245008,1.8525E+8,23.99,686,0.7,157875,1.5788E+5,23.75,686,0.5,2421574,2.4216E+6,23.69,976,0.2,278619072,2.7862E+8,23.69,0.9852,0.2,210013488,2.1001E+8,23.73,0.9918,0.1,165265952,1.6527E+8,23.82,0.9543,0.2,7851245,7.8512E+6,23.8,0.9651,0.4,7159231,7.1592E+6,23.78,0.9756,0.4,278422560,2.7842E+8,23.78,0.9904,0.4,490610624,4.9061E+8,23.75,0.9706,0.2,304350656,3.0435E+8,23.75,0.9785,0.3,502652576,5.0265E+8,23.75,0.9823,0.2,344945856,3.4495E+8,23.8,0.9864,0.1,207303680,2.0730E+8,23.82,0.5161,0,278288,2.7829E+5,23.53,0.7149,-0.1,1728905,1.7289E+6,23.53,0.9328,0,66650176,6.6650E+7,23.53,0.9363,0.4,182875872,1.8288E+8,23.53,0.9809,0.3,56480040,5.6480E+7,23.8,0,#N/A,0,0.0000E+0,23.8,686,0.5,1393661,1.3937E+6,23.53,0.9648,0.5,50689600,5.0690E+7,23.53,0.9131,0.4,43235792,4.3236E+7,23.8,0,#N/A,0,0.0000E+0
AB,N2,HexNAc,545.245334,1,25.15,0.9768,0.7,39433088,3.9433E+7,25.19,0,#N/A,0,0.0000E+0,25.19,0,#N/A,0,0.0000E+0,25.13,0.9506,0.6,42005576,4.2006E+7,25.09,0.9558,0.6,47672456,4.7672E+7,25.25,0.9148,0.3,25526336,2.5526E+7,25.18,0.9503,0.5,39485260,3.9485E+7,25.13,946,0.7,36905344,3.6905E+7,25.2,0.9571,0.7,52235712,5.2236E+7,25.2,0.9843,0.6,50411784,5.0412E+7,25.2,0.9575,0.8,70204992,7.0205E+7,25.15,0.9952,0.6,160126528,1.6013E+8,25.22,0.9719,0.6,54432816,5.4433E+7,25.2,864,0.6,34850396,3.4850E+7,25.19,0,#N/A,0,0.0000E+0,25.19,0,#N/A,0,0.0000E+0,25.31,0.9952,0.4,187767648,1.8777E+8,25.27,0.9794,0.7,115770632,1.1577E+8,25.34,0.9771,0.5,144682672,1.4468E+8,25.19,0,#N/A,0,0.0000E+0,25.19,0,#N/A,0,0.0000E+0,25.29,0.9485,0.7,87368984,8.7369E+7,25.29,0.9637,0.6,122563416,1.2256E+8,25.19,0,#N/A,0,0.0000E+0
AB,H1X2,Hex,565.22393,1,23.41,0.9912,0.2,1928883840,1.9289E+9,23.74,0.1407,6.3,31724,3.1724E+4,23.39,0.9596,0.4,29156934,2.9157E+7,23.35,991,0.2,3248661760,3.2487E+9,23.35,0.9818,0.3,93781440,9.3781E+7,23.41,0.9916,0.4,198687200,1.9869E+8,23.39,0.9901,0.3,1754457600,1.7545E+9,23.41,994,0.2,3225103104,3.2251E+9,23.46,0.9919,0.1,2907313664,2.9073E+9,23.44,0.9953,0.1,3830493696,3.8305E+9,23.43,0.9872,0.3,1679721984,1.6797E+9,23.45,0.9919,0.3,2320442112,2.3204E+9,23.44,0.9898,0.3,2389732864,2.3897E+9,23.46,0.9926,0.3,2089579648,2.0896E+9,23.73,0.1407,8,33124,3.3124E+4,23.55,0.9786,0.4,27684190,2.7684E+7,23.53,0.9872,0.5,152607680,1.5261E+8,23.55,0.9122,0.3,102889792,1.0289E+8,23.55,0.9761,0.2,150743552,1.5074E+8,23.46,0.1407,8.6,6397,6.3970E+3,23.51,0.9608,0.2,38640756,3.8641E+7,23.55,0.9586,0.2,123203600,1.2320E+8,23.53,0.9808,0.3,144236208,1.4424E+8,23.71,0.2898,7.7,163683,1.6368E+5
AB,H2F1,Hex,609.250145,1,26.69,0.1476,0.2,296408,2.9641E+5,26.84,0,#N/A,0,0.0000E+0,26.85,0,#N/A,0,0.0000E+0,26.74,0.6883,2.4,537993,5.3799E+5,26.85,0,#N/A,0,0.0000E+0,26.69,0.8101,1.8,543834,5.4383E+5,26.9,0.6541,1,517062,5.1706E+5,26.67,0.6541,1.4,465836,4.6584E+5,26.65,0.6541,1.3,941187,9.4119E+5,26.74,0.8508,1.3,1351785,1.3518E+6,27.01,0.3066,8.4,91115,9.1115E+4,26.67,0.3201,0.3,425821,4.2582E+5,26.62,0.5787,-0.9,347272,3.4727E+5,26.67,0.7592,1.4,1118714,1.1187E+6,26.85,0,#N/A,0,0.0000E+0,26.85,0,#N/A,0,0.0000E+0,26.83,0.8463,0.1,25254168,2.5254E+7,26.78,0.9435,0.3,23591892,2.3592E+7,26.78,0.9032,0.2,19879070,1.9879E+7,26.85,0,#N/A,0,0.0000E+0,26.74,0.1476,-0.2,104048,1.0405E+5,26.78,0.8487,0.4,21440626,2.1441E+7,26.76,0.8506,0.3,24655736,2.4656E+7,26.85,0,#N/A,0,0.0000E+0
AB,N1S1,HexNAc,633.261378,1,27.96,0.4819,4.1,2168993,2.1690E+6,28.17,0.3506,4,534101,5.3410E+5,28.16,0.3536,3.8,250184,2.5018E+5,27.75,0.6086,1.9,2158514,2.1585E+6,27.66,0.75,2.8,2939640,2.9396E+6,27.96,0.7259,4.1,1477298,1.4773E+6,27.78,0.5647,4.2,1725126,1.7251E+6,27.78,0.9353,2.4,1141120,1.1411E+6,27.8,0.5927,5.1,2283786,2.2838E+6,28,776,2.7,1565669,1.5657E+6,27.94,0.8058,0.2,2137878,2.1379E+6,27.92,0.9262,0.4,62240316,6.2240E+7,27.73,0.8091,0.3,4645757,4.6458E+6,27.8,0.5787,1.9,1024002,1.0240E+6,27.89,0.1497,-0.4,86463,8.6463E+4,27.93,0.3107,-1.4,28471,2.8471E+4,27.96,907,0.7,6317770,6.3178E+6,27.91,0.7468,2.6,4860280,4.8603E+6,27.78,0.8196,0,4046891,4.0469E+6,28.34,0.3539,4.9,113184,1.1318E+5,27.78,0.6828,1,275406,2.7541E+5,27.93,0.7813,3.3,12123976,1.2124E+7,27.96,0.7724,1.5,5928824,5.9288E+6,28.23,0.3351,3.1,137563,1.3756E+5
AB,H1N1F1,HexNAc,650.276694,1,25.36,0.82,0.8,10032729,1.0033E+7,25.43,0,#N/A,0,0.0000E+0,25.43,0,#N/A,0,0.0000E+0,25.34,0.8284,1.4,5107743,5.1077E+6,25.31,0.6396,1.6,5525922,5.5259E+6,25.45,0.6804,0.8,4713301,4.7133E+6,25.45,0.4522,2.4,2408211,2.4082E+6,25.38,0.5602,2.5,5288061,5.2881E+6,25.43,0.9151,0.2,13554936,1.3555E+7,25.54,0.4764,3,6745180,6.7452E+6,25.45,969,0.4,28764094,2.8764E+7,25.38,0.9593,0.5,35683724,3.5684E+7,25.45,0.9365,0.5,29972142,2.9972E+7,25.47,0.9606,0.3,10615921,1.0616E+7,25.43,0,#N/A,0,0.0000E+0,25.43,0,#N/A,0,0.0000E+0,25.43,0,#N/A,0,0.0000E+0,25.43,0,#N/A,0,0.0000E+0,25.34,0.1536,0.3,465949,4.6595E+5,25.43,0,#N/A,0,0.0000E+0,25.43,0,#N/A,0,0.0000E+0,25.43,0.3169,9,9605,9.6049E+3,25.36,0.1536,9.2,55819,5.5819E+4,25.43,0,#N/A,0,0.0000E+0
AB,H2N1,Hex,666.271609,1,21.65,0.7871,-0.5,1597207,1.5972E+6,21.61,0,#N/A,0,0.0000E+0,21.62,0,#N/A,0,0.0000E+0,21.58,0.7634,0,2525026,2.5250E+6,21.65,0.7524,-0.1,12610704,1.2611E+7,21.63,0.8364,0.4,2891102,2.8911E+6,21.63,0.6785,0.5,3329002,3.3290E+6,21.65,0.8424,-0.3,1096251,1.0963E+6,21.7,0.6405,-0.1,2416206,2.4162E+6,21.63,0.6405,-6.2,240532,2.4053E+5,21.66,0.8093,0,12393153,1.2393E+7,21.27,0.6405,0,27375,2.7375E+4,21.72,0.8915,0.2,5307325,5.3073E+6,21.74,0.7929,-0.2,951608,9.5161E+5,21.47,0.6405,3.2,54764,5.4764E+4,21.62,0,#N/A,0,0.0000E+0,21.79,0.9145,0,38833348,3.8833E+7,21.72,862,-0.2,39874240,3.9874E+7,21.76,0.8954,-0.2,30482840,3.0483E+7,21.62,0,#N/A,0,0.0000E+0,21.62,0,#N/A,0,0.0000E+0,21.74,0.8407,-0.1,65557180,6.5557E+7,21.67,0.9014,0,36780424,3.6780E+7,21.62,0,#N/A,0,0.0000E+0
AB,H2N1,Hex,666.271609,1,24.34,0.6405,-0.3,6499613,6.4996E+6,24.23,0,#N/A,0,0.0000E+0,24.09,0.6405,0.4,1006920,1.0069E+6,24.21,0.8408,0,5839122,5.8391E+6,24.23,0.7715,0.1,15756449,1.5756E+7,24.43,0.7897,-0.1,6064566,6.0646E+6,24.32,0.8444,-0.1,16596016,1.6596E+7,24.27,0.8157,-0.2,6449206,6.4492E+6,24.34,815,-0.3,12435410,1.2435E+7,24.32,0.8353,0,11625641,1.1626E+7,24.29,0.8403,0,22124782,2.2125E+7,24.27,0.7974,0.2,11012669,1.1013E+7,24.39,0.8276,-0.2,14611959,1.4612E+7,24.39,0.7877,0.2,6583681,6.5837E+6,24.23,0,#N/A,0,0.0000E+0,24.25,0.6405,-0.2,554895,5.5490E+5,24.41,0.7434,0.1,9694573,9.6946E+6,24.43,0.8244,0,13316840,1.3317E+7,24.43,0.9022,-0.4,7116164,7.1162E+6,24.25,0.3168,-3.8,82645,8.2645E+4,24.18,0.6405,0.8,1277977,1.2780E+6,24.36,0.8323,-0.3,7391849,7.3918E+6,24.43,0.8443,0,8958934,8.9589E+6,24.23,0,#N/A,0,0.0000E+0
AB,H2N1,Hex,666.271609,1,25.99,0.5303,2,846753,8.4675E+5,25.85,0,#N/A,0,0.0000E+0,25.86,0,#N/A,0,0.0000E+0,25.63,0.9068,0.2,644554,6.4455E+5,25.61,0.6405,0.1,3194970,3.1950E+6,25.74,0.6405,0.4,556664,5.5666E+5,25.67,0.8139,0.6,1376126,1.3761E+6,25.88,0.3393,-1.4,372025,3.7202E+5,25.86,0,#N/A,0,0.0000E+0,25.86,0.1556,-4.2,280413,2.8041E+5,25.86,0,#N/A,0,0.0000E+0,26.02,0.6405,-7.7,234137,2.3414E+5,25.77,0.8451,0.6,756498,7.5650E+5,25.67,0.5988,2.7,450595,4.5059E+5,25.86,0,#N/A,0,0.0000E+0,25.86,0,#N/A,0,0.0000E+0,25.88,0.8399,0.1,14527899,1.4528E+7,25.77,0.7485,-0.3,13530185,1.3530E+7,25.88,0.8444,-0.3,13325014,1.3325E+7,25.86,0,#N/A,0,0.0000E+0,25.86,0,#N/A,0,0.0000E+0,25.83,0.8263,-0.1,20147546,2.0148E+7,25.81,0.8169,0,13992028,1.3992E+7,25.86,0,#N/A,0,0.0000E+0
AB,H1N2,23.6 HexNAc,707.298158,1,23.46,0.7097,-0.8,3016514,3.0165E+6,23.63,0,#N/A,0,0.0000E+0,23.62,0,#N/A,0,0.0000E+0,23.44,0.6617,-1,91699,9.1699E+4,23.55,0.4321,0.5,828866,8.2887E+5,23.48,0.8148,-0.6,1669709,1.6697E+6,23.48,0.6663,-0.8,3724135,3.7241E+6,23.44,0.8726,-0.5,5119995,5.1200E+6,23.51,0.9576,-0.5,7206327,7.2063E+6,23.51,0.8155,-0.4,9418300,9.4183E+6,23.5,0.7847,-0.4,6171946,6.1719E+6,23.63,471,-4,1304925,1.3049E+6,23.51,0.6963,-1.6,1949118,1.9491E+6,23.53,0.7997,-0.4,3457691,3.4577E+6,23.62,0,#N/A,0,0.0000E+0,23.73,0.6286,4.6,13488,1.3488E+4,23.57,0.8665,-0.2,9646363,9.6464E+6,23.44,0.9086,-0.6,8141712,8.1417E+6,23.62,0.8096,-0.4,7773650,7.7736E+6,23.62,0,#N/A,0,0.0000E+0,23.55,0.6286,-2.3,141775,1.4177E+5,23.6,0.8698,-0.1,12067412,1.2067E+7,23.55,0.9235,-0.3,8476161,8.4762E+6,23.62,0,#N/A,0,0.0000E+0
AB,H1N2,24.5-NexNAc,707.298158,1,24.43,0.6286,3,846115,8.4611E+5,24.57,0,#N/A,0,0.0000E+0,24.57,0,#N/A,0,0.0000E+0,24.36,0.6286,0,91102,9.1102E+4,24.61,0.6286,0,591420,5.9142E+5,24.57,0,#N/A,0,0.0000E+0,24.41,0.6286,-0.4,2354312,2.3543E+6,24.41,0.8328,-0.5,2325721,2.3257E+6,24.45,803,-0.8,2025148,2.0251E+6,24.48,0.8338,-0.2,3722573,3.7226E+6,24.45,643,-0.2,3934205,3.9342E+6,24.52,0.2891,0.5,373056,3.7306E+5,24.45,826,0.2,889762,8.8976E+5,24.48,684,-0.5,1119185,1.1192E+6,24.57,0,#N/A,0,0.0000E+0,24.64,0.6286,-0.6,117896,1.1790E+5,24.54,0.9748,-0.3,9053533,9.0535E+6,24.52,0.6558,0.1,5155496,5.1555E+6,24.57,0.9156,-0.1,6998394,6.9984E+6,24.57,0,#N/A,0,0.0000E+0,24.57,0,#N/A,0,0.0000E+0,24.54,0.8384,0,1967376,1.9674E+6,24.54,0.8262,-0.6,6851904,6.8519E+6,24.57,0,#N/A,0,0.0000E+0
AB,H1N2,25.7-No fragmentation,707.298158,1,25.79,0.6286,-0.6,633854,6.3385E+5,25.75,0,#N/A,0,0.0000E+0,25.75,0,#N/A,0,0.0000E+0,25.83,801,-0.1,2283850,2.2839E+6,25.77,786,-0.3,6548396,6.5484E+6,25.9,0.6665,0.2,1436594,1.4366E+6,25.86,0.7349,0.3,3594523,3.5945E+6,25.7,0.6286,-0.3,1124112,1.1241E+6,25.86,0.7626,-0.6,1295169,1.2952E+6,25.83,0.6737,0.2,1728898,1.7289E+6,25.83,631,-0.8,1522668,1.5227E+6,25.86,0.5795,-4.9,463707,4.6371E+5,25.9,0.7442,0,1149475,1.1495E+6,25.81,0.8723,0.9,2267953,2.2680E+6,25.75,0,#N/A,0,0.0000E+0,25.75,0,#N/A,0,0.0000E+0,25.77,0.8261,0.2,7059923,7.0599E+6,25.77,0.7756,-1.4,8894179,8.8942E+6,25.74,0.7981,-0.1,6711465,6.7115E+6,25.75,0,#N/A,0,0.0000E+0,25.75,0,#N/A,0,0.0000E+0,25.74,0.8821,-0.7,13021973,1.3022E+7,25.74,0.8302,-0.8,5113232,5.1132E+6,25.61,0.3263,-2.9,70353,7.0353E+4
AB,H1N2,26.1-HexNAc,707.298158,1,26.26,0.6286,4.3,289319,2.8932E+5,26.12,0,#N/A,0,0.0000E+0,26.13,0,#N/A,0,0.0000E+0,26.15,0.3263,6.3,103256,1.0326E+5,26.13,0.6286,-1.7,353092,3.5309E+5,25.9,0.8038,-0.2,3265517,3.2655E+6,25.92,0.7536,0,2580456,2.5805E+6,26.08,0.3263,-2.9,146304,1.4630E+5,26.13,0.8408,-0.5,1266127,1.2661E+6,26.13,0.6286,-4.5,273663,2.7366E+5,26.31,0.8311,-0.7,2051242,2.0512E+6,26.17,0.6286,-6.1,1078353,1.0784E+6,25.95,0.8052,-0.2,8657710,8.6577E+6,25.92,0.6286,-1,1366200,1.3662E+6,26.13,0,#N/A,0,0.0000E+0,26.13,0,#N/A,0,0.0000E+0,26.06,0.9192,-0.7,27813414,2.7813E+7,26.08,0.9153,-0.9,33189332,3.3189E+7,26.08,837,-0.6,20366836,2.0367E+7,26.13,0,#N/A,0,0.0000E+0,26.13,0,#N/A,0,0.0000E+0,26.1,0.8222,-1.8,28866072,2.8866E+7,26.06,0.8308,-1.3,27912460,2.7912E+7,26.13,0,#N/A,0,0.0000E+0
AB,H1N2,26.7-HexNAc,707.298158,1,26.65,903,-0.1,24782628,2.4783E+7,26.69,0,#N/A,0,0.0000E+0,26.67,0.3263,0.7,115936,1.1594E+5,26.67,0.8242,-0.5,9257642,9.2576E+6,26.65,0.8384,0.1,16916320,1.6916E+7,26.78,0.9253,-0.2,9628595,9.6286E+6,26.74,0.9391,-0.1,25363364,2.5363E+7,26.6,0.9008,-0.2,17950504,1.7951E+7,26.76,0.9629,-0.3,24846408,2.4846E+7,26.69,0.9145,-0.3,23663832,2.3664E+7,26.81,0.8326,0,25164434,2.5164E+7,26.95,0.7784,-1.7,1493820,1.4938E+6,26.78,0.8424,0.2,3734460,3.7345E+6,26.74,0.8352,-0.3,20579956,2.0580E+7,26.69,0,#N/A,0,0.0000E+0,26.69,0,#N/A,0,0.0000E+0,26.94,0.8331,-0.7,4647519,4.6475E+6,26.87,0.6852,1.2,3902532,3.9025E+6,26.9,0.8308,-1.1,5714760,5.7148E+6,26.69,0,#N/A,0,0.0000E+0,26.69,0,#N/A,0,0.0000E+0,26.9,0.7465,0.8,4837424,4.8374E+6,26.83,0.8907,0.1,5982203,5.9822E+6,26.69,0,#N/A,0,0.0000E+0
AB,H1N1S1,24.1-HexNAc,795.314202,1,24.07,0.9857,-0.2,172056016,1.7206E+8,24.13,0,#N/A,0,0.0000E+0,23.93,0.9877,0,255377728,2.5538E+8,23.98,0.9827,-0.4,166246176,1.6625E+8,24.02,986,0,325828544,3.2583E+8,24.05,987,-0.2,143261632,1.4326E+8,24.09,0.9926,-0.2,208188720,2.0819E+8,24.05,0.9854,-0.6,147691552,1.4769E+8,24.14,0.9806,-0.6,143971936,1.4397E+8,24.09,0.9774,-0.9,185801104,1.8580E+8,24.18,988,0.1,171351744,1.7135E+8,24.43,0.8774,1,9598937,9.5989E+6,24.14,0.9961,-0.1,630075200,6.3008E+8,24.12,993,-0.6,118711472,1.1871E+8,24.14,0.8,0.4,686744,6.8674E+5,24.16,0.9906,0,249113792,2.4911E+8,24.25,0.9587,0.1,98815288,9.8815E+7,24.25,0.9785,0.1,122634240,1.2263E+8,24.25,0.9866,-0.1,74791544,7.4792E+7,24.13,0,#N/A,0,0.0000E+0,24.16,0.9926,-0.4,387252128,3.8725E+8,24.27,0.9408,-0.3,88371184,8.8371E+7,24.23,0.9742,-0.1,78793152,7.8793E+7,24.13,0,#N/A,0,0.0000E+0
AB,H1N1S1,25.4-HexNAc,795.314202,1,25.29,0.9244,0.1,43020300,4.3020E+7,25.67,0.6116,-0.5,104770,1.0477E+5,25.09,0.7793,-0.3,10184106,1.0184E+7,25.22,0.9589,0.1,32789124,3.2789E+7,25.25,0.9759,0.1,129728048,1.2973E+8,25.31,0.9332,-0.3,32985196,3.2985E+7,25.31,0.9616,0,90484848,9.0485E+7,25.2,0.9553,-0.2,47297156,4.7297E+7,25.34,0.9389,-0.1,43023456,4.3023E+7,25.31,0.9636,-0.2,45851540,4.5852E+7,25.43,0.9724,0,142394848,1.4239E+8,25.06,0.7411,4.2,2847602,2.8476E+6,25.36,0.9827,0.2,206704800,2.0670E+8,25.34,0.9317,0.1,34523076,3.4523E+7,25.37,0,#N/A,0,0.0000E+0,25.38,0.8886,0,11882429,1.1882E+7,25.47,0.9965,0,66902712,6.6903E+7,25.45,0.9533,0,91565992,9.1566E+7,25.47,0.9676,-0.2,43428256,4.3428E+7,25.37,0,#N/A,0,0.0000E+0,25.36,0.9302,-0.4,13856994,1.3857E+7,25.47,0.9616,-0.1,94292712,9.4293E+7,25.43,0.9584,-0.2,56709312,5.6709E+7,25.37,0,#N/A,0,0.0000E+0
AB,H1N1S1,27.8-HexNAc,795.314202,1,27.64,0.8084,-0.5,2599693,2.5997E+6,27.8,0,#N/A,0,0.0000E+0,27.79,0,#N/A,0,0.0000E+0,27.66,0.9008,-0.3,2624613,2.6246E+6,27.69,0.8092,0.7,1368050,1.3680E+6,27.79,0,#N/A,0,0.0000E+0,27.73,0.7682,-1,975870,9.7587E+5,27.62,0.6116,1.6,798414,7.9841E+5,27.8,0.8167,-0.1,3957240,3.9572E+6,27.69,0.7901,0,6448003,6.4480E+6,27.79,0.7545,-0.1,8570445,8.5704E+6,27.79,0.8809,-0.1,32071760,3.2072E+7,27.75,809,0.1,12637076,1.2637E+7,27.66,0.8707,0,3359290,3.3593E+6,27.79,0,#N/A,0,0.0000E+0,27.79,0,#N/A,0,0.0000E+0,27.89,0.6116,-0.5,1786577,1.7866E+6,27.91,0.7901,-1.8,1076993,1.0770E+6,27.91,0.6116,-0.1,1011702,1.0117E+6,27.79,0,#N/A,0,0.0000E+0,27.79,0,#N/A,0,0.0000E+0,27.89,0.6116,0.3,2459393,2.4594E+6,27.84,0.6116,-0.3,1411614,1.4116E+6,27.79,0,#N/A,0,0.0000E+0
AB,H2N1F1,HexNAc,812.329517,1,26.85,0,#N/A,0,0.0000E+0,26.84,0,#N/A,0,0.0000E+0,26.85,0,#N/A,0,0.0000E+0,26.69,0.6075,-3,326450,3.2645E+5,26.85,0,#N/A,0,0.0000E+0,26.85,0,#N/A,0,0.0000E+0,26.85,0,#N/A,0,0.0000E+0,26.85,0,#N/A,0,0.0000E+0,26.85,0,#N/A,0,0.0000E+0,27.08,0.3855,2,311214,3.1121E+5,26.97,0.1778,-1.1,699571,6.9957E+5,26.86,0,#N/A,0,0.0000E+0,26.85,0,#N/A,0,0.0000E+0,26.85,0,#N/A,0,0.0000E+0,26.85,0,#N/A,0,0.0000E+0,26.85,0,#N/A,0,0.0000E+0,26.76,0.9555,-0.3,42499496,4.2499E+7,26.74,0.9418,-0.5,37073160,3.7073E+7,26.74,957,-0.2,29593502,2.9594E+7,26.85,0,#N/A,0,0.0000E+0,26.87,0.3394,-0.3,66852,6.6852E+4,26.74,0.8177,-0.4,28472222,2.8472E+7,26.71,0.9569,-0.2,36332240,3.6332E+7,26.85,0,#N/A,0,0.0000E+0
AB,N2S1,HexNAc,836.340751,1,25.65,0.3451,-8.7,140966,1.4097E+5,25.75,0,#N/A,0,0.0000E+0,25.83,0.3451,-2.9,106392,1.0639E+5,25.77,0.8496,0.1,173520,1.7352E+5,25.67,379,-8.1,168517,1.6852E+5,25.86,0.7557,2,178599,1.7860E+5,25.86,0.6011,-0.8,127729,1.2773E+5,25.65,0.6435,-4.1,212497,2.1250E+5,25.74,0.6768,-4.7,333132,3.3313E+5,25.74,0.8193,3.8,115883,1.1588E+5,25.61,0.5871,-8.6,662250,6.6225E+5,25.7,0.3451,-10.1,387512,3.8751E+5,25.77,0.3933,-9.4,750342,7.5034E+5,25.79,0.3451,-9.7,171787,1.7179E+5,25.75,0,#N/A,0,0.0000E+0,25.75,0,#N/A,0,0.0000E+0,25.74,0.7623,-0.6,2993503,2.9935E+6,25.7,0.6008,0.1,6134886,6.1349E+6,25.74,0.7893,-0.2,3638269,3.6383E+6,25.75,0,#N/A,0,0.0000E+0,25.75,0,#N/A,0,0.0000E+0,25.74,0.9087,-0.1,17758260,1.7758E+7,25.72,0.7553,-0.7,4016424,4.0164E+6,25.75,0,#N/A,0,0.0000E+0
AB,H2N2,HexNAc,869.350981,1,22.47,0.5963,-0.2,3113660,3.1137E+6,22.61,0,#N/A,0,0.0000E+0,22.61,0,#N/A,0,0.0000E+0,22.51,0.8022,-0.4,4297765,4.2978E+6,22.49,0.8917,-0.6,27581966,2.7582E+7,22.51,0.8112,-0.6,9302917,9.3029E+6,22.53,0.8107,-0.5,6209442,6.2094E+6,22.6,0.7857,0,1588940,1.5889E+6,22.58,0.8049,-0.6,3981272,3.9813E+6,22.51,0.8137,-0.7,1062696,1.0627E+6,22.61,937,-0.6,24077110,2.4077E+7,22.91,0.5963,-3.4,477155,4.7715E+5,22.56,0.9608,-0.3,27193802,2.7194E+7,22.62,0.7193,-0.9,3424927,3.4249E+6,22.61,0,#N/A,0,0.0000E+0,22.61,0,#N/A,0,0.0000E+0,22.67,0.9775,-0.5,63108856,6.3109E+7,22.74,0.9734,-0.4,107673752,1.0767E+8,22.71,0.9688,-0.3,43335544,4.3336E+7,22.69,0.1851,4.7,59356,5.9356E+4,22.56,0.5963,1.6,15718,1.5718E+4,22.71,0.9758,-0.2,85212504,8.5213E+7,22.65,955,-0.2,54500620,5.4501E+7,22.83,0.3471,1.6,11141,1.1141E+4
AB,H2N2,HexNAc,869.350981,1,23.35,0.9845,-0.4,363425824,3.6343E+8,23.42,0,#N/A,0,0.0000E+0,23.41,0,#N/A,0,0.0000E+0,23.26,0.9926,-0.5,170364736,1.7036E+8,23.28,0.9915,-0.4,349094592,3.4909E+8,23.35,977,-0.3,140501104,1.4050E+8,23.35,0.9889,-0.4,347953088,3.4795E+8,23.37,0.9872,-0.2,240324960,2.4032E+8,23.41,0.9908,-0.3,373847360,3.7385E+8,23.39,0.9845,-0.3,407051360,4.0705E+8,23.38,0.9869,-0.5,579339520,5.7934E+8,23.75,0.3471,4.2,589791,5.8979E+5,23.37,0.9791,-0.5,169470096,1.6947E+8,23.41,0.9899,-0.4,244650240,2.4465E+8,23.41,0,#N/A,0,0.0000E+0,23.41,0,#N/A,0,0.0000E+0,23.48,0.9814,-0.5,164380672,1.6438E+8,23.53,988,-0.3,175162688,1.7516E+8,23.51,0.9841,-0.4,126844656,1.2684E+8,23.41,0,#N/A,0,0.0000E+0,23.41,0,#N/A,0,0.0000E+0,23.51,0.9977,-0.1,183147456,1.8315E+8,23.48,0.9872,-0.2,153021680,1.5302E+8,23.41,0,#N/A,0,0.0000E+0
AB,H2N1S1,25.7-Hex,957.367025,1,25.61,0.7631,0,4119796,4.1198E+6,25.77,0,#N/A,0,0.0000E+0,25.78,0,#N/A,0,0.0000E+0,25.58,798,-0.5,4343360,4.3434E+6,25.63,902,-0.3,20724864,2.0725E+7,25.72,0.8832,-0.1,5684092,5.6841E+6,25.7,0.7226,-0.5,5122521,5.1225E+6,25.58,0.5813,-0.2,1496679,1.4967E+6,25.74,0.5813,0.6,2658698,2.6587E+6,25.78,0,#N/A,0,0.0000E+0,25.83,0.7941,-0.4,10417502,1.0418E+7,25.78,0,#N/A,0,0.0000E+0,25.74,0.8024,-0.1,5783018,5.7830E+6,25.7,0.7372,-0.3,2283496,2.2835E+6,26.04,0.3558,5.7,64754,6.4754E+4,25.78,0,#N/A,0,0.0000E+0,25.83,0.9776,-0.5,41856520,4.1857E+7,25.83,0.9404,-0.4,53269696,5.3270E+7,25.86,0.9799,-0.2,32537122,3.2537E+7,25.78,0,#N/A,0,0.0000E+0,25.78,0,#N/A,0,0.0000E+0,25.88,0.9542,-0.2,67249464,6.7249E+7,25.79,0.9295,-0.2,42697516,4.2698E+7,25.78,0,#N/A,0,0.0000E+0
AB,H2N2F1,21.5-HexNAc,1015.40889,1,21.5,0,#N/A,0,2.6730E+5,21.5,0,#N/A,0,0.0000E+0,21.5,0,#N/A,0,0.0000E+0,21.5,0,#N/A,0,1.1021E+5,21.5,0,#N/A,0,6.5326E+5,21.5,0,#N/A,0,1.8005E+5,21.5,0,#N/A,0,1.0296E+5,21.5,0,#N/A,0,7.7453E+4,21.5,0,#N/A,0,1.0411E+5,21.34,412,-1.2,150795,2.9221E+5,21.43,0.2052,0,364137,2.1455E+6,21.51,0,#N/A,0,2.0298E+6,21.5,0,#N/A,0,1.4149E+6,21.5,0,#N/A,0,2.0476E+5,21.5,0,#N/A,0,0.0000E+0,21.5,0,#N/A,0,0.0000E+0,21.49,0.9274,-0.2,9778903,1.3897E+7,21.52,0.5684,-1.1,1402312,1.4023E+6,21.54,0.7933,0,5915108,1.0317E+7,21.5,0,#N/A,0,0.0000E+0,21.5,0,#N/A,0,0.0000E+0,21.52,0.7882,-0.4,7005569,9.9709E+6,21.45,0.8782,-0.5,9786211,1.6454E+7,21.5,0,#N/A,0,0.0000E+0
AB,H2N2F1,21.5-HexNAc,508.208083,2,21.56,0.5684,-0.7,267297,2.6730E+5,21.5,0,#N/A,0,0.0000E+0,21.5,0,#N/A,0,0.0000E+0,21.63,0.6931,1.9,110214,1.1021E+5,21.27,0.5565,-0.8,653258,6.5326E+5,21.7,0.3642,1.9,180050,1.8005E+5,21.58,0.5684,2.8,102963,1.0296E+5,21.29,0.5684,-3.6,77453,7.7453E+4,21.58,0.5684,7.1,104109,1.0411E+5,21.67,0.4011,-1.9,141414,2.9221E+5,21.23,0.7373,0.3,1781331,2.1455E+6,21.34,0.5645,-0.9,2029800,2.0298E+6,21.76,0.7513,-0.4,1414905,1.4149E+6,21.4,0.5684,-1.3,204758,2.0476E+5,21.5,0,#N/A,0,0.0000E+0,21.5,0,#N/A,0,0.0000E+0,21.52,0.8945,-0.4,4118133,1.3897E+7,21.5,0,#N/A,0,1.4023E+6,21.54,0.9216,0,4401437,1.0317E+7,21.5,0,#N/A,0,0.0000E+0,21.5,0,#N/A,0,0.0000E+0,21.52,0.9083,-0.6,2965361,9.9709E+6,21.47,0.9199,0.3,6668170,1.6454E+7,21.5,0,#N/A,0,0.0000E+0
AB,H2N2F1,23.1-HexNAc,1015.40889,1,23.08,0,#N/A,0,7.8950E+5,23.07,0,#N/A,0,1.7154E+5,23.08,0,#N/A,0,7.1527E+4,23.08,0,#N/A,0,2.0860E+5,22.89,0.5684,0.2,1532113,2.2172E+6,22.94,0.5684,1,220725,6.0503E+5,23.08,0,#N/A,0,0.0000E+0,23.08,0,#N/A,0,3.9576E+5,23.08,0,#N/A,0,9.4945E+5,23.08,0,#N/A,0,5.3505E+5,23.02,0.7948,0,1591098,1.5911E+6,23.08,0,#N/A,0,0.0000E+0,23.01,0.7939,-0.2,2634360,4.8641E+6,23.08,0.5684,-0.1,306363,5.8675E+5,23.08,0,#N/A,0,0.0000E+0,23.08,0,#N/A,0,1.0915E+5,23.08,0.9107,-0.2,16772699,1.7808E+7,23.08,0,#N/A,0,3.3529E+5,23.1,0.9966,-0.4,13648600,1.4960E+7,23.01,0.2052,4,96003,9.6003E+4,22.89,0.2052,0.3,115055,2.1352E+5,23.1,0.8501,-0.5,6619726,6.7187E+6,23.08,952,-0.4,19420676,2.0794E+7,23.08,0,#N/A,0,1.7170E+4
AB,H2N2F1,23.1-HexNAc,508.208083,2,23.08,577,0.2,789505,7.8950E+5,22.84,0.5684,-0.3,171536,1.7154E+5,23.05,0.2051,6.4,71527,7.1527E+4,23.26,0.5684,-4.6,208597,2.0860E+5,23.17,0.6312,-1,685098,2.2172E+6,22.96,0.5684,0.3,384303,6.0503E+5,23.08,0,#N/A,0,0.0000E+0,23.19,0.5052,1.3,395759,3.9576E+5,23.17,0.5369,0.2,949448,9.4945E+5,23.21,0.6358,-1.8,535054,5.3505E+5,23.08,0,#N/A,0,1.5911E+6,23.08,0,#N/A,0,0.0000E+0,23.03,0.7744,-0.1,2229746,4.8641E+6,23.03,0.5684,-4.8,280388,5.8675E+5,23.08,0,#N/A,0,0.0000E+0,22.87,0.3642,3.4,109150,1.0915E+5,23.21,0.7274,0.5,1035312,1.7808E+7,23.32,0.2051,1.6,335287,3.3529E+5,23.14,0.7491,0,1311443,1.4960E+7,23.08,0,#N/A,0,9.6003E+4,23.14,0.5684,-2.6,98468,2.1352E+5,23.08,0.3642,6.3,98973,6.7187E+6,23.12,0.7946,-0.2,1373604,2.0794E+7,23.1,0.3642,0.2,17170,1.7170E+4
AB,H2N2F1,23.8-HexNAc,1015.40889,1,23.84,0.9795,-0.3,43800520,4.8898E+7,23.9,0,#N/A,0,0.0000E+0,23.89,0,#N/A,0,0.0000E+0,23.73,0.9615,-0.2,26121760,3.0299E+7,23.75,0.9835,-0.3,65477452,7.4181E+7,23.84,0.9671,-0.3,22139080,2.6950E+7,23.82,0.9911,-0.3,68761712,8.2279E+7,23.84,987,-0.4,32159452,3.7504E+7,23.87,967,-0.3,40177256,4.6708E+7,23.89,0.9633,-0.3,18899756,2.2471E+7,23.84,987,-0.3,137468528,1.5334E+8,23.88,0,#N/A,0,1.9392E+6,23.87,0.9726,-0.3,51182472,6.1899E+7,23.89,0.9841,-0.3,29646040,3.4996E+7,23.89,0.4086,0.8,91509,9.1509E+4,23.89,0,#N/A,0,0.0000E+0,23.96,0.5684,-1.1,271079,2.7108E+5,23.89,0,#N/A,0,3.4296E+5,23.89,0,#N/A,0,2.8896E+5,23.75,0.3642,3.6,19982,1.2797E+5,23.89,0,#N/A,0,8.9111E+4,24.05,0.7746,0,741561,8.9627E+5,23.89,0,#N/A,0,5.4271E+5,23.89,0,#N/A,0,6.2375E+4
AB,H2N2F1,23.8-HexNAc,508.208083,2,23.84,0.8138,0.1,5097810,4.8898E+7,23.9,0,#N/A,0,0.0000E+0,23.89,0,#N/A,0,0.0000E+0,23.73,0.6941,-1.1,4177557,3.0299E+7,23.78,0.9807,-0.1,8703864,7.4181E+7,23.87,0.9067,-0.6,4811113,2.6950E+7,23.82,0.9776,0.1,13517032,8.2279E+7,23.84,916,0.2,5344875,3.7504E+7,23.89,0.9783,0.1,6531068,4.6708E+7,23.89,0.9763,0,3571526,2.2471E+7,23.86,0.8922,0.2,15868515,1.5334E+8,24.06,768,-3.7,1939227,1.9392E+6,23.89,0.9493,-0.2,10716728,6.1899E+7,23.89,0.8905,-0.4,5349754,3.4996E+7,23.89,0,#N/A,0,9.1509E+4,23.89,0,#N/A,0,0.0000E+0,23.89,0,#N/A,0,2.7108E+5,24.05,0.5684,-1.5,342963,3.4296E+5,24.09,0.6205,2.2,288961,2.8896E+5,23.89,0.2051,1.2,107992,1.2797E+5,24.12,0.3642,3.2,89111,8.9111E+4,24.07,776,5.5,154705,8.9627E+5,23.82,0.3264,-1.3,542713,5.4271E+5,24.09,0.5684,-2.8,62375,6.2375E+4
AB,H1N1S2,HexNAc - 2+ has interference,1086.409618,1,24.57,0.7777,-0.1,11927278,4.0164E+7,24.66,0,#N/A,0,0.0000E+0,24.07,0.9743,0,19166004,4.5748E+7,24.39,0.9323,-0.2,13439718,6.3943E+7,24.79,0.7869,-0.1,30024768,7.8977E+7,24.43,0.7857,-0.1,11110077,5.6653E+7,24.54,0.9451,-0.2,27003114,9.1708E+7,24.34,0.7835,0,11039820,4.1551E+7,24.57,0.9439,-0.2,13112164,6.1693E+7,24.43,0.7781,-0.5,12521617,5.3831E+7,24.74,783,0,16066670,4.3490E+7,24.65,0,#N/A,0,9.9337E+6,24.59,0.9851,-0.1,92987368,1.6555E+8,24.43,0.9154,-0.2,3219578,2.5707E+7,24.66,0,#N/A,0,0.0000E+0,24.36,0.9812,-0.2,17466438,4.1287E+7,24.66,0.9248,-0.2,16868448,5.9737E+7,24.61,0.7637,-0.3,14080657,4.2128E+7,24.54,0.9569,-0.4,13134837,3.8749E+7,24.7,0.3698,8.7,14270,1.4270E+4,24.32,0.9699,-0.3,28564716,6.8835E+7,24.75,0.7858,-0.4,19515976,3.7219E+7,24.5,0.9296,-0.3,17652196,4.0420E+7,24.66,0,#N/A,0,8.9408E+4
AB,H1N1S2,HexNAc - 2+ has interference,543.708447,2,24.66,0.6591,5.2,28237072,4.0164E+7,24.66,0,#N/A,0,0.0000E+0,24.05,964,0.4,26582112,4.5748E+7,24.57,0.6528,5.7,50503600,6.3943E+7,24.59,0.6806,5.1,48952504,7.8977E+7,24.73,0.6649,5.3,45543172,5.6653E+7,24.59,0.7,5.1,64705100,9.1708E+7,24.61,0.6947,4.4,30510694,4.1551E+7,24.61,0.5923,5.8,48580972,6.1693E+7,24.64,0.6438,5.3,41309712,5.3831E+7,24.59,0.7239,4.1,27423596,4.3490E+7,24.54,489,7.2,9933651,9.9337E+6,24.59,0.9676,1.3,72565696,1.6555E+8,24.66,0.5546,6.1,22487544,2.5707E+7,24.66,0,#N/A,0,0.0000E+0,24.36,0.9731,0.4,23820824,4.1287E+7,24.7,0.7103,5.2,42868860,5.9737E+7,24.64,0.7521,3.8,28047164,4.2128E+7,24.68,0.7939,3.8,25614568,3.8749E+7,24.66,0,#N/A,0,1.4270E+4,24.32,974,0.6,40270688,6.8835E+7,24.75,0.7633,2.8,17703052,3.7219E+7,24.52,0.8958,2.5,22767838,4.0420E+7,24.84,0.3698,4.7,89408,8.9408E+4
AB,H2N2S1,23.6-HexNAc,1160.446398,1,23.64,0.8743,-0.3,13541088,2.9362E+7,23.76,0.3767,-2.7,167147,1.6715E+5,23.69,0,#N/A,0,2.5984E+5,23.53,884,-0.2,10782349,2.7799E+7,23.6,0.9889,-0.4,25972560,5.2149E+7,23.64,0.9869,-0.4,11048699,3.0214E+7,23.66,0.9183,-0.3,18530418,4.4763E+7,23.64,0.9014,-0.5,11151745,2.6100E+7,23.69,0.9207,-0.5,11534538,3.1186E+7,23.69,0.9707,-0.4,13518567,3.5047E+7,23.75,0.9399,-0.6,23935024,4.2430E+7,23.68,0,#N/A,0,0.0000E+0,23.71,0.9282,-0.3,5580535,1.3895E+7,23.71,968,-0.5,7427428,2.2731E+7,23.69,0,#N/A,0,0.0000E+0,23.69,0,#N/A,0,2.6548E+5,23.8,0.9473,-0.4,9732389,2.5729E+7,23.84,0.9498,-0.5,14664268,3.5896E+7,23.87,0.96,-0.4,6377420,1.5891E+7,23.53,0.3767,2.2,123638,1.2364E+5,23.66,0.5459,6.6,107057,3.6032E+5,23.87,0.8838,-0.8,12150598,2.9013E+7,23.78,0.7777,-0.9,7281425,2.1008E+7,23.69,0,#N/A,0,0.0000E+0
AB,H2N2S1,23.6-HexNAc,580.726837,2,23.64,0.9284,0.1,15821306,2.9362E+7,23.69,0,#N/A,0,1.6715E+5,23.48,0.7638,0.2,259836,2.5984E+5,23.53,0.9691,0.2,17016274,2.7799E+7,23.6,0.9084,0.2,26176116,5.2149E+7,23.62,0.9131,0.1,19165118,3.0214E+7,23.69,0.9844,0.1,26232682,4.4763E+7,23.62,0.9469,0.1,14948338,2.6100E+7,23.71,0.9417,0.2,19651466,3.1186E+7,23.69,0.9847,0.3,21528428,3.5047E+7,23.75,0.8857,0.1,18495464,4.2430E+7,23.68,0,#N/A,0,0.0000E+0,23.69,0.9046,0.2,8314793,1.3895E+7,23.69,942,0.1,15303571,2.2731E+7,23.69,0,#N/A,0,0.0000E+0,23.75,0.7451,0.9,265479,2.6548E+5,23.8,0.9077,0.2,15996797,2.5729E+7,23.82,0.9634,0.1,21231992,3.5896E+7,23.84,895,0.2,9513207,1.5891E+7,23.69,0,#N/A,0,1.2364E+5,23.73,0.5459,0.2,253258,3.6032E+5,23.89,929,0.4,16862342,2.9013E+7,23.8,0.9612,0.1,13726302,2.1008E+7,23.69,0,#N/A,0,0.0000E+0
AB,H2N2S1,25.9-HexNAc,1160.446398,1,26.06,0.5459,0.7,410672,2.3176E+6,25.89,0,#N/A,0,1.5104E+5,25.89,0,#N/A,0,9.3579E+4,25.86,0.7758,-0.5,5829966,1.1789E+7,25.83,0.8987,-0.3,19505458,4.1086E+7,25.92,0.9089,-0.6,7136523,1.7862E+7,25.9,774,-0.1,8546100,1.5005E+7,25.67,0.7227,-0.1,3775418,6.9137E+6,25.97,0.7445,0,4645864,7.2300E+6,25.79,0.7723,-0.1,2861175,5.2852E+6,26.29,0.7758,-0.2,5367004,1.0780E+7,25.89,0,#N/A,0,4.1564E+5,25.95,0.9096,0,16966136,3.9274E+7,25.9,0.7773,-0.2,3391909,5.9606E+6,25.83,0.4534,-0.5,158629,1.5863E+5,25.45,0.3767,2.8,121437,1.2144E+5,26.06,0.9722,-0.4,43147740,1.0640E+8,26.08,0.9757,-0.4,63521016,1.4509E+8,26.08,0.9798,-0.6,25947260,7.4378E+7,25.47,0.3767,4.1,83598,1.1290E+5,25.79,0.7185,-1.6,341645,3.4165E+5,26.08,0.9659,-0.4,45624020,1.0095E+8,26.06,0.9917,-0.6,39370472,1.0273E+8,25.89,0,#N/A,0,0.0000E+0
AB,H2N2S1,25.9-HexNAc,580.726837,2,25.83,0.5459,-0.1,1906883,2.3176E+6,25.83,0.3767,-2.3,151039,1.5104E+5,25.52,0.3767,1.6,93579,9.3579E+4,25.86,0.9181,0.3,5959124,1.1789E+7,25.77,0.8791,0.2,21580794,4.1086E+7,25.95,0.9838,-0.1,10725621,1.7862E+7,25.9,0.9152,-0.1,6458512,1.5005E+7,25.74,0.7728,-0.1,3138235,6.9137E+6,25.92,0.7065,-0.2,2584111,7.2300E+6,25.83,0.7407,-0.2,2424066,5.2852E+6,26.04,0.7566,0.2,5413322,1.0780E+7,25.61,0.2222,0.4,415636,4.1564E+5,25.99,983,0.1,22307664,3.9274E+7,25.92,0.7093,-0.1,2568693,5.9606E+6,25.89,0,#N/A,0,1.5863E+5,25.89,0,#N/A,0,1.2144E+5,26.08,0.9766,0.1,63254816,1.0640E+8,26.08,956,0,81565592,1.4509E+8,26.08,982,0.2,48430340,7.4378E+7,26.44,0.3767,-2.3,29304,1.1290E+5,25.89,0,#N/A,0,3.4165E+5,26.1,0.9593,0,55329900,1.0095E+8,26.06,0.9752,0.2,63361720,1.0273E+8,25.89,0,#N/A,0,0.0000E+0
AB,H2N2S1,26.7-HexNAc,1160.446398,1,26.65,0.9836,-0.3,68254248,1.6285E+8,26.76,0,#N/A,0,2.0479E+5,26.77,0,#N/A,0,1.6255E+5,26.67,0.9676,-0.3,24504346,6.6694E+7,26.65,0.9741,-0.3,51726408,1.2538E+8,26.74,0.9444,-0.2,19963282,5.2118E+7,26.74,0.9829,-0.4,68390272,1.6137E+8,26.6,0.9676,-0.3,36846900,1.0172E+8,26.78,0.9803,-0.4,61405956,1.5532E+8,26.69,0.9814,-0.4,51219072,1.4260E+8,26.76,0.9518,-0.4,70628232,1.6461E+8,26.78,0,#N/A,0,8.4234E+5,26.78,764,-0.1,8500209,2.2257E+7,26.74,0.9741,-0.3,40068032,1.1596E+8,26.77,0,#N/A,0,0.0000E+0,26.77,0,#N/A,0,0.0000E+0,26.92,0.9661,-0.3,12614312,3.6911E+7,26.9,0.7482,-0.2,7299904,2.0473E+7,26.9,0.8684,-0.4,8117608,2.5515E+7,27.03,0.2223,-2.6,61558,1.0729E+5,26.77,0,#N/A,0,0.0000E+0,26.94,0.9112,-0.2,9386860,2.0861E+7,26.85,0.8691,-0.8,11617074,3.5709E+7,26.77,0,#N/A,0,0.0000E+0
AB,H2N2S1,26.7-HexNAc,580.726837,2,26.62,0.9502,0.2,94594024,1.6285E+8,27.14,0.3767,-0.8,204792,2.0479E+5,26.49,0.5459,0.1,162553,1.6255E+5,26.67,0.9769,0.2,42189556,6.6694E+7,26.65,0.9926,0.3,73655808,1.2538E+8,26.74,0.9828,0.1,32154392,5.2118E+7,26.74,0.9825,0.1,92981080,1.6137E+8,26.62,0.9661,0.2,64874244,1.0172E+8,26.8,0.9877,0,93912568,1.5532E+8,26.69,0.9824,0.1,91376536,1.4260E+8,26.81,0.9857,0.3,93986472,1.6461E+8,26.99,0.5459,3.9,842336,8.4234E+5,26.78,897,0.2,13756956,2.2257E+7,26.71,0.9868,0.2,75893880,1.1596E+8,26.77,0,#N/A,0,0.0000E+0,26.77,0,#N/A,0,0.0000E+0,26.94,0.9513,0.2,24296250,3.6911E+7,26.9,0.8978,0,13172929,2.0473E+7,26.9,0.9006,0.4,17397222,2.5515E+7,26.47,0.3767,-2.3,45727,1.0729E+5,26.77,0,#N/A,0,0.0000E+0,26.94,0.7753,0,11473824,2.0861E+7,26.85,0.9228,0.3,24091632,3.5709E+7,26.77,0,#N/A,0,0.0000E+0
AB,H3N2F1,No fragmentation (but also no N-glycan),1177.461714,1,22.61,0,#N/A,0,2.4183E+5,22.6,0,#N/A,0,0.0000E+0,22.61,0,#N/A,0,0.0000E+0,22.61,0,#N/A,0,2.2961E+6,22.61,0,#N/A,0,5.9611E+6,22.61,0,#N/A,0,1.2169E+6,22.61,0,#N/A,0,4.6590E+6,22.61,0,#N/A,0,1.2360E+6,22.61,0,#N/A,0,1.2123E+6,22.61,0,#N/A,0,1.5379E+6,22.62,0,#N/A,0,2.5031E+6,22.62,0,#N/A,0,4.4653E+6,22.61,0,#N/A,0,1.1500E+6,22.61,0,#N/A,0,2.4389E+6,22.61,0,#N/A,0,0.0000E+0,22.61,0,#N/A,0,0.0000E+0,22.61,0,#N/A,0,2.8048E+6,22.65,733,-0.3,2059846,8.0354E+6,22.69,0.5429,0.1,171397,5.9813E+5,22.61,0,#N/A,0,0.0000E+0,22.61,0,#N/A,0,0.0000E+0,22.6,0.5429,0,345789,5.4968E+6,22.62,0.5429,-1.1,350849,4.0010E+6,22.61,0,#N/A,0,0.0000E+0
AB,H3N2F1,No fragmentation (but also no N-glycan),589.234495,2,22.69,0.4587,2.7,241829,2.4183E+5,22.6,0,#N/A,0,0.0000E+0,22.61,0,#N/A,0,0.0000E+0,22.65,0.2249,1.9,2296098,2.2961E+6,22.53,0.2249,3.6,5961146,5.9611E+6,22.71,0.2249,2.5,1216873,1.2169E+6,22.56,0.3148,3.2,4659047,4.6590E+6,22.56,0.2249,1.8,1235958,1.2360E+6,22.65,0.2249,2.7,1212288,1.2123E+6,22.51,0.2249,2.5,1537890,1.5379E+6,22.68,0.2249,3.1,2503136,2.5031E+6,22.56,0.2249,3.2,4465265,4.4653E+6,22.58,0.2249,3.1,1150043,1.1500E+6,22.69,0.2249,2.8,2438946,2.4389E+6,22.61,0,#N/A,0,0.0000E+0,22.61,0,#N/A,0,0.0000E+0,22.58,0.9494,0.4,2804761,2.8048E+6,22.67,0.9212,0.7,5975535,8.0354E+6,22.6,0.5429,0.1,426734,5.9813E+5,22.61,0,#N/A,0,0.0000E+0,22.61,0,#N/A,0,0.0000E+0,22.62,0.8548,0.9,5151030,5.4968E+6,22.58,0.9462,0.7,3650185,4.0010E+6,22.61,0,#N/A,0,0.0000E+0
AB,H3N2F1,No fragmentation (but also no N-glycan),1177.461714,1,23.1,0.2249,5.5,136073,1.3952E+6,23.29,0,#N/A,0,0.0000E+0,23.28,0,#N/A,0,0.0000E+0,23.28,0,#N/A,0,3.8746E+5,23.28,0,#N/A,0,1.3265E+6,23.28,0,#N/A,0,1.0773E+6,23.28,0,#N/A,0,2.8551E+4,23.1,0.3781,-2.5,109108,1.0166E+6,23.28,0,#N/A,0,7.2827E+5,23.28,0,#N/A,0,0.0000E+0,23.36,0.5429,8.5,46432,3.0925E+6,23.28,0,#N/A,0,1.4557E+6,23.21,0.3781,0.9,123231,1.7734E+6,23.08,0.5429,7.6,35546,1.8256E+6,23.28,0,#N/A,0,0.0000E+0,23.28,0,#N/A,0,0.0000E+0,23.21,0.8998,-0.7,4244910,1.3937E+7,23.3,0.7531,-0.6,5088119,1.6101E+7,23.21,0.7164,-1.3,1856791,9.2146E+6,23.28,0,#N/A,0,0.0000E+0,23.28,0,#N/A,0,0.0000E+0,23.28,0.7751,-0.2,4344370,1.3526E+7,23.17,0.7578,-0.3,3689853,1.4219E+7,23.23,0.5429,7,95553,9.5553E+4
AB,H3N2F1,No fragmentation (but also no N-glycan),589.234495,2,23.46,0.2249,2,1259088,1.3952E+6,23.29,0,#N/A,0,0.0000E+0,23.28,0,#N/A,0,0.0000E+0,23.46,0.2249,2.6,387465,3.8746E+5,23.39,0.6763,0.6,1326467,1.3265E+6,23.46,0.3334,0.7,1077331,1.0773E+6,23.08,0.2249,0,28551,2.8551E+4,23.28,0.2249,0.4,907541,1.0166E+6,23.26,0.2249,0.9,728271,7.2827E+5,23.28,0,#N/A,0,0.0000E+0,23.27,0.2249,3.1,3046037,3.0925E+6,23.38,0.2249,1.1,1455714,1.4557E+6,23.37,0.2249,1.9,1650204,1.7734E+6,23.17,0.2249,2.6,1790101,1.8256E+6,23.28,0,#N/A,0,0.0000E+0,23.28,0,#N/A,0,0.0000E+0,23.23,0.9364,0.3,9692427,1.3937E+7,23.28,0.8962,0.5,11012636,1.6101E+7,23.28,0.9891,0.5,7357795,9.2146E+6,23.28,0,#N/A,0,0.0000E+0,23.28,0,#N/A,0,0.0000E+0,23.23,0.9426,0.3,9181509,1.3526E+7,23.21,0.9343,0.4,10529039,1.4219E+7,23.28,0,#N/A,0,9.5553E+4
AB,H3N3,22.3-HexNAc,1234.483177,1,22.41,0,#N/A,0,5.8900E+5,22.4,0,#N/A,0,0.0000E+0,22.56,0.5342,-0.1,216729,2.1673E+5,22.41,0,#N/A,0,1.9865E+5,22.31,0.7386,0.6,1785995,1.2582E+7,22.26,383,1.8,218273,4.9365E+6,22.35,0.5342,-1.4,609786,2.7578E+6,22.42,0.5342,-0.1,236694,8.6593E+5,22.33,0.5342,3.6,53079,2.2877E+6,22.41,0,#N/A,0,0.0000E+0,22.45,0.5342,-0.2,432205,8.0074E+6,22.42,0,#N/A,0,0.0000E+0,22.41,0,#N/A,0,0.0000E+0,22.41,0,#N/A,0,1.3075E+6,22.41,0,#N/A,0,0.0000E+0,22.41,0.5342,-4.8,44736,1.6094E+5,22.47,0.9107,-0.4,6139327,4.3597E+7,22.51,0.9296,0,11179820,6.3501E+7,22.53,0.7687,-0.5,3128899,2.7601E+7,22.53,0.2312,5.8,25028,2.5028E+4,22.53,383,-2.1,17471,1.7471E+4,22.51,0.9592,-0.5,15182798,8.3960E+7,22.47,0.9299,0,4451845,3.9582E+7,22.47,0.2312,2.3,20801,2.0801E+4
AB,H3N3,22.3-HexNAc,617.745227,2,22.31,0.5342,0.3,588998,5.8900E+5,22.4,0,#N/A,0,0.0000E+0,22.41,0,#N/A,0,2.1673E+5,22.24,383,1.4,198648,1.9865E+5,22.31,0.9197,0,10795766,1.2582E+7,22.31,0.9357,0.5,4718187,4.9365E+6,22.33,0.7313,-0.2,2148039,2.7578E+6,22.42,0.4584,0.3,629233,8.6593E+5,22.35,0.7532,0.4,2234623,2.2877E+6,22.41,0,#N/A,0,0.0000E+0,22.41,0.7688,0.2,7575187,8.0074E+6,22.42,0,#N/A,0,0.0000E+0,22.41,0,#N/A,0,0.0000E+0,22.42,0.7347,0.4,1307543,1.3075E+6,22.41,0,#N/A,0,0.0000E+0,22.58,383,0.7,116200,1.6094E+5,22.47,0.9751,0,37457312,4.3597E+7,22.56,0.9766,-0.1,52321536,6.3501E+7,22.53,0.9747,-0.1,24471642,2.7601E+7,22.41,0,#N/A,0,2.5028E+4,22.41,0,#N/A,0,1.7471E+4,22.49,972,0,68777576,8.3960E+7,22.47,0.9576,0,35129664,3.9582E+7,22.41,0,#N/A,0,2.0801E+4
AB,H3N3,23.0-HexNAc,1234.483177,1,22.99,0.2312,3.4,384053,5.8453E+5,23.07,0,#N/A,0,0.0000E+0,23.21,0.5342,9.7,45757,4.5757E+4,23.08,0,#N/A,0,6.4571E+5,23.28,0.5342,-2.9,75212,2.7877E+6,23.08,0,#N/A,0,0.0000E+0,23.08,0,#N/A,0,0.0000E+0,23.08,0,#N/A,0,0.0000E+0,23.08,0,#N/A,0,0.0000E+0,23.08,0,#N/A,0,0.0000E+0,23.08,0,#N/A,0,0.0000E+0,23.08,0,#N/A,0,0.0000E+0,23.08,0,#N/A,0,5.4128E+5,23.08,0,#N/A,0,1.5258E+5,23.08,0,#N/A,0,0.0000E+0,23.08,0,#N/A,0,0.0000E+0,23.08,0,#N/A,0,1.7152E+6,22.94,0.2312,5.7,34568,3.0135E+6,23.08,0,#N/A,0,2.0733E+6,23.12,0.7601,1.7,358561,3.5856E+5,23.08,0,#N/A,0,0.0000E+0,23.08,0,#N/A,0,3.0218E+6,23.08,0,#N/A,0,1.9088E+6,23.08,0,#N/A,0,0.0000E+0
AB,H3N3,23.0-HexNAc,617.745227,2,23.28,383,4.5,200476,5.8453E+5,23.07,0,#N/A,0,0.0000E+0,23.08,0,#N/A,0,4.5757E+4,23.23,0.7446,0.2,645707,6.4571E+5,23.28,0.7678,0.3,2712467,2.7877E+6,23.08,0,#N/A,0,0.0000E+0,23.08,0,#N/A,0,0.0000E+0,23.08,0,#N/A,0,0.0000E+0,23.08,0,#N/A,0,0.0000E+0,23.08,0,#N/A,0,0.0000E+0,23.08,0,#N/A,0,0.0000E+0,23.08,0,#N/A,0,0.0000E+0,22.92,0.5342,0.2,541282,5.4128E+5,23.28,383,3.6,152585,1.5258E+5,23.08,0,#N/A,0,0.0000E+0,23.08,0,#N/A,0,0.0000E+0,23.05,617,0.1,1715153,1.7152E+6,23.12,0.9242,0.1,2978906,3.0135E+6,23.14,767,0.7,2073313,2.0733E+6,23.08,0,#N/A,0,3.5856E+5,23.08,0,#N/A,0,0.0000E+0,23.05,758,1.3,3021781,3.0218E+6,23.05,724,-0.4,1908794,1.9088E+6,23.08,0,#N/A,0,0.0000E+0
AB,H2N2F1S1,No fragmentation,1306.504307,1,24.08,0,#N/A,0,1.3610E+6,23.94,0.5231,0,15065,1.5065E+4,24.08,0,#N/A,0,0.0000E+0,24.08,0,#N/A,0,2.4207E+6,23.98,0.5231,-0.9,311924,7.6812E+6,24.07,0.3886,-3.1,201390,6.0631E+6,24.08,0,#N/A,0,6.2922E+6,24.08,0,#N/A,0,3.3466E+6,24.08,0,#N/A,0,3.2036E+6,24.08,0,#N/A,0,0.0000E+0,24.15,0.5231,-0.5,1202956,9.3281E+6,24.07,0,#N/A,0,8.9689E+5,24.08,0,#N/A,0,5.7436E+6,24.08,0,#N/A,0,2.2672E+6,24.08,0,#N/A,0,0.0000E+0,24.08,0,#N/A,0,0.0000E+0,24.08,0,#N/A,0,0.0000E+0,24.08,0,#N/A,0,0.0000E+0,24.08,0,#N/A,0,0.0000E+0,24.08,0,#N/A,0,0.0000E+0,24.08,0,#N/A,0,0.0000E+0,24.08,0,#N/A,0,0.0000E+0,24.08,0,#N/A,0,0.0000E+0,24.08,0,#N/A,0,0.0000E+0
AB,H2N2F1S1,No fragmentation,653.755791,2,24.05,0.6114,-1.4,1361018,1.3610E+6,24.09,0,#N/A,0,1.5065E+4,24.08,0,#N/A,0,0.0000E+0,23.96,0.6753,-0.7,2420728,2.4207E+6,24,0.9044,0,7369314,7.6812E+6,24.07,0.9201,0.1,5861705,6.0631E+6,24.09,0.8973,0.4,6292174,6.2922E+6,24.02,0.7501,-0.7,3346634,3.3466E+6,24.16,0.7517,-0.3,3203582,3.2036E+6,24.08,0,#N/A,0,0.0000E+0,24.15,0.9405,0,8125149,9.3281E+6,24.15,702,-7.2,896887,8.9689E+5,24.18,0.7601,0,5743587,5.7436E+6,24.09,0.9543,-0.8,2267151,2.2672E+6,24.08,0,#N/A,0,0.0000E+0,24.08,0,#N/A,0,0.0000E+0,24.08,0,#N/A,0,0.0000E+0,24.08,0,#N/A,0,0.0000E+0,24.08,0,#N/A,0,0.0000E+0,24.08,0,#N/A,0,0.0000E+0,24.08,0,#N/A,0,0.0000E+0,24.08,0,#N/A,0,0.0000E+0,24.08,0,#N/A,0,0.0000E+0,24.08,0,#N/A,0,0.0000E+0
AB,H3N2F2,No fragmentation,1323.519622,1,22.56,0.2422,4.4,183629,5.4841E+6,22.58,0,#N/A,0,0.0000E+0,22.74,0.4507,-0.1,137494,1.3749E+5,22.59,0,#N/A,0,1.8380E+6,22.59,0,#N/A,0,1.1970E+7,22.59,0,#N/A,0,1.7835E+6,22.65,0.5203,-6.2,350433,9.2254E+5,22.59,0,#N/A,0,1.7831E+6,22.6,0.3897,-2.7,156083,5.6044E+6,22.59,0,#N/A,0,1.3608E+6,22.5,0.2422,-3.6,216478,7.6170E+6,22.6,0,#N/A,0,1.2672E+7,22.59,0,#N/A,0,6.6705E+6,22.4,0.5203,6.5,100914,2.9104E+6,22.62,0.5203,-4.9,82871,8.2871E+4,22.59,0,#N/A,0,2.3810E+4,22.65,0.7578,0.2,635234,8.0440E+6,22.59,0,#N/A,0,1.5942E+4,22.58,0.5203,0.1,385332,6.1245E+6,22.6,0.5203,3.9,207779,2.0778E+5,22.4,479,-0.6,73277,7.3277E+4,22.59,0,#N/A,0,3.7304E+6,22.51,0.7169,0,1440503,7.3212E+6,22.59,0,#N/A,0,0.0000E+0
AB,H3N2F2,No fragmentation,662.263449,2,22.58,0.9361,1.7,5300517,5.4841E+6,22.58,0,#N/A,0,0.0000E+0,22.59,0,#N/A,0,1.3749E+5,22.53,0.7197,0.9,1838033,1.8380E+6,22.49,0.9259,2.1,11969512,1.1970E+7,22.71,0.7426,2.7,1783529,1.7835E+6,22.42,0.7005,1.6,572103,9.2254E+5,22.42,0.8491,2.4,1783060,1.7831E+6,22.47,0.9265,1.8,5448325,5.6044E+6,22.51,0.9178,1.9,1360770,1.3608E+6,22.63,694,2.8,7400521,7.6170E+6,22.41,0.7889,3.1,12671780,1.2672E+7,22.67,0.8359,2.3,6670535,6.6705E+6,22.56,0.9303,2.7,2809525,2.9104E+6,22.59,0,#N/A,0,8.2871E+4,22.62,0.2422,-6.6,23810,2.3810E+4,22.56,0.9491,0.1,7408722,8.0440E+6,22.4,0.5203,0,15942,1.5942E+4,22.6,0.8814,0.4,5739168,6.1245E+6,22.59,0,#N/A,0,2.0778E+5,22.59,0,#N/A,0,7.3277E+4,22.6,0.7566,0.3,3730426,3.7304E+6,22.53,0.7546,0.4,5880728,7.3212E+6,22.59,0,#N/A,0,0.0000E+0
AB,H2N3S1,No fragmentation,682.266523,2,27.09,0,#N/A,0,0.0000E+0,27.08,0,#N/A,0,0.0000E+0,27.09,0,#N/A,0,0.0000E+0,27.09,0,#N/A,0,0.0000E+0,27.09,0,#N/A,0,0.0000E+0,27.09,0,#N/A,0,0.0000E+0,27.05,0.2457,4.1,167140,1.6714E+5,27.09,0,#N/A,0,0.0000E+0,27.09,0,#N/A,0,0.0000E+0,27.09,0,#N/A,0,0.0000E+0,27.09,0,#N/A,0,0.0000E+0,27.15,0.3927,-4.6,428635,4.2863E+5,27.09,0,#N/A,0,0.0000E+0,27.09,0,#N/A,0,0.0000E+0,27.09,0,#N/A,0,0.0000E+0,27.09,0,#N/A,0,0.0000E+0,27.1,0.7261,0.3,6219954,6.2200E+6,27.08,0.7061,-0.1,6994561,6.9946E+6,27.05,0.6348,-0.2,2592431,2.5924E+6,27.09,0,#N/A,0,0.0000E+0,27.09,0,#N/A,0,0.0000E+0,27.1,0.9161,0.1,7424593,7.4246E+6,27.01,0.8978,-0.1,6339133,6.3391E+6,27.09,0,#N/A,0,0.0000E+0
AB,H2N2S2,26.0-HexNAc,1451.541814,1,26.01,0.7443,-0.3,7054113,1.0298E+8,25.81,0,#N/A,0,1.0719E+5,25.31,0.7426,0.4,278084,1.0869E+7,25.81,0.7443,-0.5,6733485,9.7763E+7,26.13,0.9075,-0.9,13993844,1.5101E+8,25.9,0.9591,-0.8,5255164,1.0077E+8,25.99,0.9246,-0.4,13831996,1.6053E+8,25.7,0.9333,-0.6,6127258,1.0147E+8,26.04,0.7423,-0.3,7777207,1.0378E+8,25.81,0.8728,-0.7,5831806,9.9786E+7,26.26,0.7451,-0.8,8075686,1.0876E+8,25.81,0,#N/A,0,1.2741E+6,26.01,0.7088,0.7,1904877,3.1807E+7,25.86,745,-0.5,5907371,9.0846E+7,25.81,0,#N/A,0,0.0000E+0,25.86,0.5043,-0.9,210784,1.0637E+7,26.1,0.7096,-1.3,3759167,6.6182E+7,26.26,0.7158,-0.8,3387481,7.5971E+7,25.99,0.5043,-0.3,1038658,4.2935E+7,26.26,0.7337,2.4,171320,1.7132E+5,25.81,0,#N/A,0,1.3302E+7,26.26,0.8412,-0.5,2407080,4.6872E+7,26.01,0.5043,-1.8,1508673,6.2136E+7,25.88,0.5043,-2.6,83229,8.3229E+4
AB,H2N2S2,26.0-HexNAc,726.274545,2,25.99,0.9694,-0.1,95928016,1.0298E+8,25.61,0.2547,0.4,107190,1.0719E+5,25.54,0.9362,-0.1,10590695,1.0869E+7,25.79,0.9882,0,91029312,9.7763E+7,26.08,0.9814,0.1,137011616,1.5101E+8,25.9,0.9865,0,95510472,1.0077E+8,25.99,0.9889,-0.1,146698448,1.6053E+8,25.72,0.9888,-0.1,95338512,1.0147E+8,25.99,0.9877,-0.1,96003920,1.0378E+8,25.81,0.9857,-0.3,93953712,9.9786E+7,26.26,0.9885,0,100686504,1.0876E+8,26.13,0.2547,1.2,1274144,1.2741E+6,26.04,0.9527,0,29901886,3.1807E+7,25.83,0.9879,0,84938168,9.0846E+7,25.81,0,#N/A,0,0.0000E+0,25.88,0.9833,-0.2,10426354,1.0637E+7,26.13,0.9889,-0.1,62423264,6.6182E+7,26.26,0.9527,-0.2,72583736,7.5971E+7,25.99,0.9576,-0.3,41896216,4.2935E+7,25.81,0,#N/A,0,1.7132E+5,25.81,0.9872,-0.4,13301801,1.3302E+7,26.31,0.9496,-0.1,44465184,4.6872E+7,26.01,0.9941,-0.3,60627192,6.2136E+7,25.81,0,#N/A,0,8.3229E+4
AB,H2N2S2,26.6-No fragmentation,1451.541814,1,26.73,0,#N/A,0,4.8909E+5,26.42,0.6737,-4,205529,2.0553E+5,26.78,0.3973,-4.7,78453,7.8453E+4,27.01,0.2547,-2.5,256264,2.5626E+5,26.73,0,#N/A,0,0.0000E+0,26.73,0,#N/A,0,0.0000E+0,26.73,0,#N/A,0,4.3121E+5,26.73,0,#N/A,0,0.0000E+0,26.73,0,#N/A,0,3.3687E+5,26.69,0.2547,6.8,25249,2.5249E+4,26.73,0,#N/A,0,1.1417E+4,26.73,0,#N/A,0,0.0000E+0,26.73,0,#N/A,0,0.0000E+0,26.78,0.2547,-2.4,253465,2.8397E+5,26.76,0.5043,-1.3,197377,1.9738E+5,26.94,0.3973,0.3,222360,2.7281E+5,26.73,0,#N/A,0,1.6172E+6,26.73,0,#N/A,0,7.4620E+6,26.73,0,#N/A,0,1.1581E+6,26.73,0,#N/A,0,0.0000E+0,26.73,0,#N/A,0,0.0000E+0,26.73,0,#N/A,0,1.5356E+7,27.01,0.3973,-9.7,58786,4.4235E+6,26.73,0,#N/A,0,0.0000E+0
AB,H2N2S2,26.6-No fragmentation,726.274545,2,26.92,0.3973,0.1,489094,4.8909E+5,26.72,0,#N/A,0,2.0553E+5,26.73,0,#N/A,0,7.8453E+4,26.73,0,#N/A,0,2.5626E+5,26.73,0,#N/A,0,0.0000E+0,26.73,0,#N/A,0,0.0000E+0,26.53,0.5043,-0.4,431213,4.3121E+5,26.73,0,#N/A,0,0.0000E+0,26.78,0.5043,-1,336868,3.3687E+5,26.73,0,#N/A,0,2.5249E+4,26.42,0.5043,0,11417,1.1417E+4,26.73,0,#N/A,0,0.0000E+0,26.73,0,#N/A,0,0.0000E+0,26.74,0.2547,4.2,30506,2.8397E+5,26.73,0,#N/A,0,1.9738E+5,26.73,0.2547,-1.7,50451,2.7281E+5,26.67,0.5043,1.5,1617172,1.6172E+6,26.71,0.8916,-0.1,7461989,7.4620E+6,26.53,0.7446,0.3,1158069,1.1581E+6,26.73,0,#N/A,0,0.0000E+0,26.73,0,#N/A,0,0.0000E+0,26.8,0.9187,-0.1,15355581,1.5356E+7,26.56,922,-0.2,4364664,4.4235E+6,26.73,0,#N/A,0,0.0000E+0
AB,H3N3S1,24.9-HexNAc,763.292935,2,24.79,0.8826,1.7,1718643,1.7186E+6,24.95,0,#N/A,0,0.0000E+0,24.95,0,#N/A,0,0.0000E+0,25.15,0.4872,4.9,794197,7.9420E+5,25.09,0.3326,3.7,1387344,1.3873E+6,24.82,0.9866,0.2,6934091,6.9341E+6,24.79,0.8826,-0.2,4122115,4.1221E+6,24.73,0.2626,0,76092,7.6092E+4,24.82,0.8165,0.6,2486859,2.4869E+6,24.95,0,#N/A,0,0.0000E+0,24.88,0.8826,0.1,6161134,6.1611E+6,25.15,0.2626,7.2,3545063,3.5451E+6,24.95,0,#N/A,0,0.0000E+0,24.79,737,-0.5,1363502,1.3635E+6,24.95,0,#N/A,0,0.0000E+0,24.95,0,#N/A,0,0.0000E+0,24.93,0.9871,-0.3,27191054,2.7191E+7,24.93,0.9645,-0.2,39995348,3.9995E+7,25,0.9382,-0.2,17102806,1.7103E+7,24.95,0,#N/A,0,0.0000E+0,24.95,0,#N/A,0,0.0000E+0,24.97,0.9681,0.1,31308978,3.1309E+7,24.97,0.9416,-0.3,19970572,1.9971E+7,24.95,0,#N/A,0,0.0000E+0
AB,H3N3S1,25.5-HexNAc,763.292935,2,25.61,0,#N/A,0,0.0000E+0,25.61,0,#N/A,0,0.0000E+0,25.43,0.4017,6,12472,1.2472E+4,25.74,0.4945,0,366832,3.6683E+5,25.4,0.7343,-0.1,1140237,1.1402E+6,25.38,0.62,3.5,1759441,1.7594E+6,25.38,589,-0.1,3298139,3.2981E+6,25.67,0.5953,-0.2,1524371,1.5244E+6,25.38,591,0.8,870016,8.7002E+5,25.56,0.5325,-2.2,619137,6.1914E+5,25.4,0.7316,-0.1,4687796,4.6878E+6,25.61,0,#N/A,0,0.0000E+0,25.54,0.2626,-0.1,610330,6.1033E+5,25.74,681,-0.6,607347,6.0735E+5,25.61,0,#N/A,0,0.0000E+0,25.43,0.4017,4,130708,1.3071E+5,25.47,0.9682,-0.2,68426280,6.8426E+7,25.47,0.9669,0,79521976,7.9522E+7,25.49,0.9633,-0.1,52579424,5.2579E+7,25.61,0,#N/A,0,0.0000E+0,25.61,0,#N/A,0,0.0000E+0,25.52,0.9895,-0.1,89277288,8.9277E+7,25.49,0.9871,-0.2,60474400,6.0474E+7,25.61,0,#N/A,0,0.0000E+0
AB,H3N3S2,26.2-No fragmentation,908.840643,2,26.06,0.4145,-1.8,436485,4.3648E+5,26.26,0,#N/A,0,0.0000E+0,26.26,0,#N/A,0,0.0000E+0,26.31,0.4607,-1.7,347793,3.4779E+5,26.17,0.9257,-0.6,3325156,3.3252E+6,26.06,0.2906,0.1,367992,3.6799E+5,26.08,0.5629,0,682800,6.8280E+5,26.22,0.2906,-0.7,298560,2.9856E+5,26.26,0,#N/A,0,0.0000E+0,26.26,0,#N/A,0,0.0000E+0,26.26,0.4607,0,621820,6.2182E+5,26.26,0,#N/A,0,0.0000E+0,26.08,0.2906,0.2,476567,4.7657E+5,26.26,0,#N/A,0,0.0000E+0,26.26,0,#N/A,0,0.0000E+0,26.26,0,#N/A,0,0.0000E+0,26.24,0.9242,-0.5,6991418,6.9914E+6,26.33,846,-0.4,8600755,8.6008E+6,26.13,0.7035,0,2702244,2.7022E+6,26.26,0,#N/A,0,0.0000E+0,26.26,0,#N/A,0,0.0000E+0,26.35,0.8353,-0.5,12495334,1.2495E+7,26.17,0.8649,-0.6,8159340,8.1593E+6,26.26,0,#N/A,0,0.0000E+0
AB,H3N3S2,27.5-HexNAc,908.840643,2,27.51,0.9236,-0.3,18393320,1.8393E+7,27.73,0,#N/A,0,0.0000E+0,27.73,0,#N/A,0,0.0000E+0,27.39,0.9031,-0.1,13009849,1.3010E+7,27.64,0.9855,-0.3,66443764,6.6444E+7,27.39,0.9376,-0.4,30903802,3.0904E+7,27.48,0.9824,-0.5,41773628,4.1774E+7,27.37,0.7078,0.1,727754,7.2775E+5,27.53,0.9384,-0.3,16563172,1.6563E+7,27.37,0.4145,-1.6,519772,5.1977E+5,27.72,0.9451,-0.3,35825648,3.5826E+7,27.88,0.2906,4.6,202465,2.0246E+5,27.73,0,#N/A,0,0.0000E+0,27.39,0.8559,-0.6,8944312,8.9443E+6,27.73,0,#N/A,0,0.0000E+0,27.73,0,#N/A,0,0.0000E+0,27.69,0.9868,-0.4,107614296,1.0761E+8,27.73,0.9863,-0.4,147010112,1.4701E+8,27.55,0.9893,-0.4,75358424,7.5358E+7,27.73,0,#N/A,0,0.0000E+0,27.73,0,#N/A,0,0.0000E+0,27.82,0.9852,-0.5,148855008,1.4886E+8,27.57,0.9868,-0.4,110610488,1.1061E+8,27.73,0,#N/A,0,0.0000E+0
AB,H4N4S2,27.3-HexNAc,1091.406741,2,27.28,0,#N/A,0,0.0000E+0,27.41,0.4249,-5.7,439910,4.3991E+5,27.28,0,#N/A,0,0.0000E+0,27.28,0,#N/A,0,0.0000E+0,27.28,0,#N/A,0,0.0000E+0,27.28,0,#N/A,0,0.0000E+0,27.28,0,#N/A,0,0.0000E+0,27.28,0,#N/A,0,0.0000E+0,27.28,0,#N/A,0,0.0000E+0,27.28,0,#N/A,0,0.0000E+0,27.29,0,#N/A,0,0.0000E+0,27.29,0,#N/A,0,0.0000E+0,27.28,0,#N/A,0,0.0000E+0,27.12,0.4243,0,8204,8.2037E+3,27.28,0,#N/A,0,0.0000E+0,27.28,0,#N/A,0,0.0000E+0,27.32,0.5731,0.2,4215063,4.2151E+6,27.35,0.6767,0.1,5581593,5.5816E+6,27.19,0.9291,-0.2,3276547,3.2765E+6,27.28,0,#N/A,0,0.0000E+0,27.28,0,#N/A,0,0.0000E+0,27.39,0.6543,0,6064420,6.0644E+6,27.3,0.9233,0.1,9175737,9.1757E+6,27.28,0,#N/A,0,0.0000E+0
AB,H4N4S2,27.6-HexNAc,1091.406741,2,27.65,0,#N/A,0,0.0000E+0,27.43,0.4249,0,110841,1.1084E+5,27.65,0,#N/A,0,0.0000E+0,27.65,0,#N/A,0,0.0000E+0,27.57,0.4243,0.6,620774,6.2077E+5,27.65,0,#N/A,0,0.0000E+0,27.65,0,#N/A,0,0.0000E+0,27.65,0,#N/A,0,0.0000E+0,27.65,0,#N/A,0,0.0000E+0,27.65,0,#N/A,0,0.0000E+0,27.58,0.4249,1.1,675616,6.7562E+5,27.66,0,#N/A,0,0.0000E+0,27.65,0,#N/A,0,0.0000E+0,27.65,0,#N/A,0,0.0000E+0,27.65,0,#N/A,0,0.0000E+0,27.65,0,#N/A,0,0.0000E+0,27.57,0.9435,-0.2,15517751,1.5518E+7,27.69,0.9449,-0.4,13496734,1.3497E+7,27.46,0.9276,-0.5,7770628,7.7706E+6,27.65,0,#N/A,0,0.0000E+0,27.65,0,#N/A,0,0.0000E+0,27.71,0.9771,-0.5,26342832,2.6343E+7,27.48,0.9237,-0.1,15795026,1.5795E+7,27.65,0,#N/A,0,0.0000E+0
